"Player","Team","Season","MinutesIncludes stoppage time.","Passes","Pass %Pass Completion","xPass %Expected pass completion percentage.","ScoreNumber of passes completed over/under expected.","Per100Passes completed over/under expected, measured per 100 passes.","DistanceAverage distance of completed passes, measured in yards. Assumes 115x80 field dimensions.","VerticalAverage vertical distance of completed passes, measured in yards. Assumes 115x80 field dimensions.","Touch %Players' share of their team's number of touches."
"Ryan Telfer","TOR","2019","11","26.1818181818182","1","0.703","7.776","29.7005","18.1437","-8.625","0.0176"
"Javier Pérez","LAFC","2019","18","106.666666666667","0.95","0.8872","6.69866666666667","6.2799","20.1927","7.4405","0.0327"
"Chris Duvall","HOU","2019","98","42.1224489795918","0.8837","0.804","3.35990204081633","7.9765","18.3975","1.3345","0.1342"
"Jonathan dos Santos","LAG","2019","2964","59.2712550607287","0.8809","0.8313","2.93954331983806","4.9595","19.8498","3.9542","0.1453"
"André Horta","LAFC","2019","203","58.64039408867","0.879","0.8327","2.71533399014778","4.6305","18.6555","1.9448","0.0619"
"Diego Chara","POR","2019","3005","49.7730449251248","0.9108","0.8596","2.54901883527454","5.1213","19.9365","6.1623","0.1178"
"Haris Medunjanin","PHI","2019","3606","63.0948419301165","0.8169","0.7769","2.52451780366057","4.0011","22.5442","7.9802","0.1434"
"Ilsinho","PHI","2019","1341","52.0447427293065","0.8473","0.7993","2.49699507829978","4.7978","15.0922","0.2191","0.0656"
"Lee Nguyen","LAFC","2019","1478","60.0811907983762","0.893","0.8547","2.29708903924222","3.8233","16.7792","2.5003","0.0758"
"Kevin Kratz","ATL","2019","5","38.4","1","0.9403","2.29248","5.9677","17.7758","8.97","0.0089"
"Osvaldo Alonso","MIN","2019","2682","43.4541387024609","0.9259","0.8735","2.27332080536913","5.2315","20.2619","6.0642","0.1174"
"Gedion Zelalem","SKC","2019","475","42.6442105263158","0.9005","0.8482","2.23128252631579","5.2323","18.9497","3.4069","0.0612"
"Justin Portillo","RSL","2019","207","57.9710144927536","0.912","0.8739","2.21059710144928","3.8133","22.6348","4.128","0.0827"
"Bryan Reynolds","FCD","2019","180","28.8","0.7963","0.7196","2.20992","7.6733","15.5887","-0.8838","0.018"
"Auro","TOR","2019","2396","50.7245409015025","0.857","0.8139","2.18898030050083","4.3154","17.2893","2.1029","0.1051"
"Diedie Traore","LAG","2019","242","29.7520661157025","0.8533","0.7808","2.15769917355372","7.2523","17.4276","1.771","0.057"
"Michael Bradley","TOR","2019","3020","57.9496688741722","0.8662","0.829","2.15157298013245","3.7128","21.6372","6.1745","0.1246"
"Tommy Thompson","SJE","2019","2468","43.4489465153971","0.8917","0.8429","2.12056531604538","4.8806","16.1206","1.5421","0.0922"
"Jamiro Monteiro","PHI","2019","2481","53.5912938331318","0.8628","0.8235","2.10934558645707","3.936","17.5179","3.6723","0.1238"
"Liam Fraser","TOR","2019","887","63.9639233370913","0.8748","0.8427","2.05549312288613","3.2135","22.2897","6.1913","0.1474"
"Shaft Brewer","LAFC","2019","103","53.126213592233","0.9123","0.8741","2.02690485436893","3.8152","15.9179","0.1856","0.1204"
"Sebastian Lletget","LAG","2019","2710","50.9756457564576","0.877","0.8377","2.00454376383764","3.9324","17.1591","1.0941","0.1167"
"Drew Moor","TOR","2019","1171","31.9726729291204","0.9256","0.8633","1.9940536293766","6.2367","19.4105","7.664","0.0615"
"Collin Martin","MIN","2019","209","44.555023923445","0.8763","0.8335","1.90475023923445","4.2751","21.4028","2.6071","0.0841"
"Greg Garza","CIN","2019","998","39.438877755511","0.8561","0.808","1.89686573146293","4.8096","17.8579","2.6184","0.1082"
"Zarek Valentin","POR","2019","1892","43.23044397463","0.8638","0.8206","1.86755517970402","4.32","20.6409","2.9266","0.0911"
"Dejan Jakovic","LAFC","2019","223","25.3991031390135","0.9153","0.8424","1.85125022421525","7.2886","18.4509","4.333","0.0676"
"Diego Polenta","LAG","2019","2959","28.7772896248733","0.8016","0.738","1.82887299763434","6.3553","23.2936","10.7877","0.071"
"Eduard Atuesta","LAFC","2019","3074","66.5504229017567","0.8602","0.8328","1.82309746258946","2.7394","19.2717","6.1574","0.1454"
"Jordan Harvey","LAFC","2019","2756","44.0290275761974","0.8718","0.8334","1.69398200290276","3.8474","16.594","1.5132","0.0804"
"Daniel Kinumbe","MTL","2019","68","45.1764705882353","0.8438","0.8063","1.69284705882353","3.7473","16.5033","-2.1886","0.0765"
"Tristan Blackmon","LAFC","2019","1710","42.9473684210526","0.8784","0.8395","1.67340912280702","3.8964","17.7201","4.129","0.0811"
"Jack Price","COL","2019","2442","44.5012285012285","0.8048","0.768","1.63786535626536","3.6805","24.447","5.7884","0.1243"
"Chad Marshall","SEA","2019","779","23.2913992297818","0.9153","0.8459","1.61753222079589","6.9448","21.8002","8.3682","0.0506"
"Graham Zusi","SKC","2019","2587","49.8739853111712","0.8251","0.793","1.60564545805953","3.2194","20.4966","4.0204","0.1283"
"Jorge Villafaña","POR","2019","2231","41.4809502465262","0.805","0.7664","1.60130667861945","3.8603","18.2939","2.2012","0.0962"
"Cristian Martínez","CHI","2019","80","43.2","0.75","0.713","1.59972","3.7032","20.4706","2.7472","0.0203"
"Darlington Nagbe","ATL","2019","3368","46.061757719715","0.9245","0.8901","1.58512589073634","3.4413","18.2212","1.9886","0.1064"
"Andrés Ríos","SJE","2019","330","41.6","0.8531","0.8161","1.54138181818182","3.7052","17.8181","4.2799","0.041"
"Eddie Segura","LAFC","2019","3449","32.2041171354016","0.917","0.8695","1.53044708611192","4.7523","19.7908","7.5452","0.0683"
"Júnior Moreno","DCU","2019","2951","48.7970179600136","0.8813","0.8503","1.51558332768553","3.1059","17.5225","3.2145","0.1243"
"Keegan Rosenberry","COL","2019","3377","31.2135031092686","0.8188","0.7702","1.51511424341131","4.854","19.1746","4.8448","0.1028"
"Akeem Ward","DCU","2019","50","7.68","1","0.8039","1.506432","19.6149","12.2206","2.4437","0.0161"
"Paxton Pomykal","FCD","2019","2137","42.4071127749181","0.8464","0.8109","1.50362863827796","3.5457","19.3666","2.5069","0.1033"
"Chris McCann","DCU","2019","350","31.8171428571429","0.8448","0.7979","1.49290971428571","4.6922","17.5982","2.6668","0.0547"
"Ben Sweat","NYC","2019","1406","38.5775248933144","0.8248","0.7864","1.48138378378378","3.84","16.7096","1.439","0.0786"
"Marquinhos Pedroso","DCU, FCD","2019","435","37.9586206896552","0.8256","0.7871","1.46089931034483","3.8487","18.1691","-0.8231","0.0648"
"Graham Smith","SKC","2019","976","23.2131147540984","0.9322","0.8696","1.4530131147541","6.2594","22.8357","7.3054","0.0687"
"Cristian Roldan","SEA","2019","3214","45.5208462974487","0.8432","0.8117","1.43430392034848","3.1509","20.1086","4.8888","0.1218"
"Felipe Hernandez","SKC","2019","108","16","0.7778","0.689","1.42","8.875","15.5616","2.2936","0.045"
"Jay Chapman","TOR","2019","610","39.344262295082","0.816","0.7801","1.41387540983607","3.5936","17.0909","0.2967","0.038"
"Luis Martins","SKC","2019","915","41.8622950819672","0.782","0.7482","1.41337180327869","3.3762","18.0415","2.7346","0.1094"
"Luis Felipe","SJE","2019","59","17.8983050847458","0.9091","0.8302","1.41201355932203","7.8888","22.0432","11.27","0.0128"
"Matthew Real","PHI","2019","84","53.7142857142857","0.7872","0.7611","1.4024","2.6108","17.0087","1.796","0.0336"
"Justin Hoyte","CIN","2019","1617","29.6252319109462","0.8838","0.8367","1.39479035250464","4.7081","19.8767","3.9298","0.0819"
"DaMarcus Beasley","HOU","2019","1126","42.1172291296625","0.8401","0.807","1.39245186500888","3.3061","18.0362","2.6229","0.1139"
"Francois Affolter","SJE","2019","99","31.030303030303","0.875","0.8301","1.39229090909091","4.4867","18.3933","5.0025","0.1061"
"Rece Buckmaster","NYRB","2019","733","32.7421555252387","0.784","0.7418","1.38295006821282","4.2238","14.7019","6.406","0.0908"
"Bacary Sagna","MTL","2019","2390","47.8794979079498","0.7693","0.7405","1.37915046025105","2.8805","17.8507","2.9692","0.1119"
"Tommy McCabe","CIN","2019","283","33.5830388692579","0.9293","0.8883","1.37670106007067","4.0994","20.5946","4.4362","0.052"
"Sebastián Méndez","ORL","2019","1997","53.7926890335503","0.899","0.8736","1.36723324987481","2.5417","18.528","3.6629","0.1241"
"Andrew Gutman","CIN","2019","542","37.3726937269373","0.7536","0.717","1.36695498154982","3.6576","19.3953","8.0157","0.0989"
"Andreu Fontàs","SKC","2019","1073","41.5135135135135","0.8858","0.8529","1.36563355079217","3.2896","21.8379","8.0502","0.0844"
"Michael Salazar","HOU","2019","197","24.3654822335025","0.86","0.8041","1.36178680203046","5.5889","15.1473","-2.4219","0.0234"
"Alejandro Bedoya","PHI","2019","3337","45.6841474378184","0.8545","0.8249","1.35590434522026","2.968","16.3839","1.8482","0.1046"
"Djordje Mihailovic","CHI","2019","1600","40.98","0.8141","0.7813","1.340376","3.2708","19.7549","2.6068","0.0706"
"Justin Haak","NYC","2019","18","5.33333333333333","1","0.7524","1.32053333333333","24.7584","9.3247","9.2","0.0062"
"Amando Moreno","CHI","2019","113","21.2389380530973","0.88","0.8182","1.31333097345133","6.1836","16.0301","1.2604","0.0162"
"Andy Polo","POR","2019","1275","39.68","0.8558","0.8228","1.30728658823529","3.2946","17.5502","0.922","0.065"
"Bastian Schweinsteiger","CHI","2019","2927","39.8824735223779","0.861","0.8284","1.30033590707209","3.2604","22.4845","9.0682","0.0997"
"Albert Rusnák","RSL","2019","2846","43.6486296556571","0.8377","0.808","1.29761236823612","2.9729","21.3558","1.8182","0.1147"
"Anthony Fontana","PHI","2019","171","37.6140350877193","0.9104","0.876","1.29701052631579","3.4483","14.9023","-0.1734","0.0225"
"Darwin Cerén","HOU","2019","612","40.7843137254902","0.8808","0.8492","1.28837647058824","3.159","23.2774","4.4284","0.0646"
"Chris Odoi-Atsem","DCU","2019","153","31.3725490196078","0.82","0.779","1.28621176470588","4.0998","14.4518","2.5622","0.0469"
"Rolf Feltscher","LAG","2019","2394","41.062656641604","0.7725","0.7415","1.27091328320802","3.0951","17.6631","2.7594","0.0968"
"Corben Bone","CIN","2019","210","42.5142857142857","0.8817","0.8523","1.24905142857143","2.938","15.5788","-0.6467","0.0459"
"Jonathan Bornstein","CHI","2019","990","34.0363636363636","0.812","0.7753","1.24902787878788","3.6697","17.8867","4.0945","0.089"
"Joevin Jones","SEA","2019","1354","41.122599704579","0.8466","0.8163","1.24563899556869","3.0291","18.1763","-1.6019","0.075"
"Jorge Corrales","CHI, MTL","2019","1244","40.5916398713826","0.8213","0.7906","1.24430353697749","3.0654","18.0377","3.5514","0.073"
"Dave Romney","LAG","2019","1202","26.5158069883527","0.8223","0.7761","1.2258928452579","4.6233","19.5237","4.1424","0.0685"
"Jonathan Osorio","TOR","2019","2328","43.7113402061856","0.8717","0.8437","1.22418556701031","2.8006","15.9499","1.7028","0.0891"
"Connor Maloney","CLB","2019","871","27.2238805970149","0.8178","0.7731","1.21767898966705","4.4728","17.7355","2.9625","0.0798"
"Dax McCarty","CHI","2019","3095","49.8765751211632","0.8632","0.839","1.20473331179321","2.4154","19.0691","4.5241","0.1301"
"Omar González","TOR","2019","1477","29.9634394041977","0.8547","0.8148","1.1957557210562","3.9907","23.8684","9.766","0.0666"
"Niko Hansen","HOU, CLB","2019","371","32.8625336927224","0.811","0.7749","1.1878641509434","3.6147","17.2536","-0.5053","0.0315"
"Tony Rocha","NYC","2019","1000","38.016","0.8864","0.8559","1.1590176","3.0488","16.2456","0.6601","0.0664"
"Alejandro Pozuelo","TOR","2019","3155","62.0424722662441","0.7906","0.772","1.15185090332805","1.8566","19.0086","2.0746","0.1471"
"Justin Morrow","TOR","2019","2973","39.9112008072654","0.8317","0.8029","1.15045327951564","2.8825","16.5422","-0.6441","0.0893"
"Héctor Jiménez","CLB","2019","1756","40.5649202733485","0.8127","0.7844","1.14756082004556","2.829","18.3457","2.9472","0.081"
"Claude Dielna","POR","2019","1227","28.40097799511","0.8512","0.8109","1.14610073349633","4.0354","23.8401","9.8314","0.0644"
"Ashtone Morgan","TOR","2019","360","31.4666666666667","0.822","0.7862","1.12736","3.5827","16.2971","1.8449","0.0386"
"A.J. DeLaGarza","HOU","2019","2188","32.7751371115174","0.8407","0.8064","1.12320877513711","3.427","19.3187","1.5435","0.0871"
"Eriq Zavaleta","TOR","2019","1112","28.7482014388489","0.8979","0.8589","1.12078273381295","3.8986","21.4655","5.6761","0.0461"
"Matías Vera","HOU","2019","2896","35.8674033149171","0.9104","0.8791","1.11955359116022","3.1214","21.5638","3.7595","0.1058"
"Jackson Yueill","SJE","2019","2953","57.8015577378937","0.8706","0.8514","1.11235814426007","1.9244","20.432","4.4177","0.1291"
"Jørgen Skjelvik","LAG","2019","1846","31.9826652221018","0.8211","0.7865","1.10812914409534","3.4648","15.9782","0.5829","0.0763"
"Florentin Pogba","ATL","2019","1098","36.8087431693989","0.8385","0.8084","1.10666666666667","3.0065","20.9744","6.2062","0.0758"
"Josh Williams","CLB","2019","1393","28.737975592247","0.8561","0.8177","1.10499928212491","3.8451","21.1843","8.9642","0.0708"
"Russell Teibert","VAN","2019","2370","28.3949367088608","0.8759","0.8372","1.09945113924051","3.872","17.711","2.0667","0.084"
"Alexander Callens","NYC","2019","2495","26.3182364729459","0.883","0.8413","1.09793987975952","4.1718","20.2388","6.8104","0.0761"
"Sean Nealis","NYRB","2019","525","15.9085714285714","0.7471","0.6788","1.087488","6.8359","20.9061","13.0135","0.0416"
"Luis Arriaga","RSL","2019","10","19.2","1","0.9435","1.08576","5.6527","17.1553","4.4275","0.0076"
"Chase Gasper","MIN","2019","1523","33.1556139198949","0.7966","0.764","1.07994642153644","3.2572","19.7955","2.1135","0.0936"
"Víctor Cabrera","MTL","2019","1298","34.095531587057","0.8677","0.8363","1.07054791987673","3.1399","24.8781","8.4194","0.0816"
"Olivier Mbaizo","PHI","2019","219","43.8356164383562","0.71","0.6856","1.06783561643836","2.436","17.2816","0.3818","0.0744"
"Gustav Svensson","SEA","2019","2407","42.5558786871624","0.8454","0.8204","1.06020772746157","2.4913","22.206","8.7293","0.0995"
"Eduardo Sosa","CLB","2019","362","38.4530386740332","0.8414","0.814","1.05337458563536","2.7394","16.2762","3.5483","0.0572"
"Walker Zimmerman","LAFC","2019","2509","32.1785571941012","0.843","0.8104","1.04954898365883","3.2616","21.2798","9.4252","0.0638"
"Micheal Azira","CHI, MTL","2019","1840","33.9652173913043","0.871","0.8401","1.04832","3.0865","19.6862","3.359","0.0799"
"Matt Hedges","FCD","2019","3338","26.3439185140803","0.8755","0.8362","1.03558058717795","3.931","22.9642","10.0729","0.0692"
"Ryan Hollingshead","FCD","2019","3418","37.2709186658865","0.8252","0.7976","1.02580128730252","2.7523","17.9494","1.8145","0.1044"
"Jan Gregus","MIN","2019","3020","54.5165562913907","0.8058","0.7872","1.01831523178808","1.8679","21.8912","4.4725","0.1553"
"Lamine Sané","ORL","2019","2521","22.8480761602539","0.8617","0.8173","1.01296945656486","4.4335","21.3336","9.6151","0.0592"
"Aaron Herrera","RSL","2019","3222","36.5288640595903","0.8173","0.7896","1.01130130353818","2.7685","21.4922","3.8978","0.0995"
"Laurent Ciman","TOR","2019","1716","26.1258741258741","0.8565","0.8179","1.00816783216783","3.8589","26.3127","10.0008","0.0567"
"Chris Mavinga","TOR","2019","2728","27.6598240469208","0.8842","0.8479","1.00447038123167","3.6315","21.1585","7.614","0.0606"
"Matt Besler","SKC","2019","2308","36.9774696707106","0.8549","0.8278","1.00108284228769","2.7073","23.4027","9.2036","0.0868"
"Perry Kitchen","LAG","2019","801","28.1647940074906","0.8638","0.8284","0.998639700374532","3.5457","17.4883","4.6494","0.063"
"Marco Delgado","TOR","2019","3194","55.6643706950532","0.8423","0.8245","0.993566938008766","1.7849","17.2714","3.9787","0.1272"
"Antonio Mlinar Delamea","NER","2019","1576","21.3807106598985","0.8917","0.8455","0.988166497461929","4.6218","22.4394","8.8393","0.0509"
"Jorge Moreira","POR","2019","2577","46.267753201397","0.7585","0.7371","0.985696856810245","2.1304","21.0992","3.7141","0.1171"
"Andrés Flores","POR","2019","863","32.1483198146002","0.872","0.8415","0.979989803012746","3.0483","17.083","1.914","0.0545"
"Reto Ziegler","FCD","2019","3340","28.7425149700599","0.873","0.8393","0.969597125748503","3.3734","23.1862","8.6678","0.0748"
"Jasser Khmiri","VAN","2019","98","6.85714285714286","1","0.8611","0.952359183673469","13.8891","18.0918","12.1407","0.0233"
"Ethan Zubak","LAG","2019","57","10.1052631578947","0.8333","0.7394","0.949389473684211","9.3951","13.749","4.9833","0.0156"
"Jonathan Mensah","CLB","2019","2372","24.8903878583474","0.8602","0.8221","0.947481956155143","3.8066","22.3869","8.5283","0.0703"
"Steven Beitashour","LAFC","2019","2097","41.1559370529328","0.8587","0.8357","0.947447210300429","2.3021","17.0501","0.2754","0.0738"
"Raymon Gaddis","PHI","2019","3474","39.2953367875648","0.8488","0.8248","0.941416234887738","2.3957","17.8922","1.7387","0.0898"
"Steven Birnbaum","DCU","2019","3486","23.407917383821","0.7953","0.7552","0.939285370051635","4.0127","20.1174","10.9926","0.0616"
"Kamal Miller","ORL","2019","1497","28.7294589178357","0.8259","0.7933","0.937022845691383","3.2615","20.0629","4.1593","0.0774"
"John Nelson","FCD","2019","525","41.1428571428571","0.8222","0.7995","0.933211428571429","2.2682","17.4648","1.1086","0.064"
"Josh Pérez","LAFC","2019","532","25.8045112781955","0.8392","0.8031","0.931596992481203","3.6102","13.8983","-1.6406","0.0324"
"Kai Wagner","PHI","2019","3171","44.5638599810785","0.8037","0.7829","0.927155345316935","2.0805","18.7937","0.4655","0.1033"
"Scott Sutter","VAN","2019","1106","34.6329113924051","0.787","0.7605","0.91829294755877","2.6515","18.2424","2.6614","0.0735"
"Gastón Sauro","CLB","2019","1412","21.5524079320113","0.8675","0.825","0.917112747875354","4.2553","20.162","8.4897","0.0546"
"Richie Laryea","TOR","2019","1739","31.6319723979298","0.8674","0.8385","0.912237377803335","2.8839","15.7765","-2.4742","0.0684"
"Ebenezer Ofori","NYC","2019","1407","42.1663113006397","0.8883","0.8668","0.910007675906183","2.1581","18.7522","3.6579","0.0837"
"Reggie Cannon","FCD","2019","2655","36.4112994350282","0.8441","0.8197","0.889368587570621","2.4426","17.2505","-1.0204","0.0947"
"Russell Canouse","DCU","2019","2498","39.1224979983987","0.8703","0.8478","0.883472858286629","2.2582","18.1792","3.4855","0.1011"
"Xavier Arreaga","SEA","2019","1393","20.7437185929648","0.9136","0.8711","0.882579755922469","4.2547","23.3247","8.8707","0.0592"
"Michael Parkhurst","ATL","2019","1764","37.9319727891156","0.8651","0.8419","0.880277551020408","2.3207","18.6126","3.8349","0.0738"
"Dillon Powers","ORL","2019","684","40.280701754386","0.8606","0.8389","0.876463157894737","2.1759","18.8065","2.7436","0.1172"
"Jake Nerwinski","VAN","2019","2208","30.7391304347826","0.8119","0.7838","0.861986956521739","2.8042","17.3202","0.8979","0.0836"
"Joe Corona","LAG","2019","2537","53.7705951911707","0.8649","0.8491","0.847709893575089","1.5765","16.9117","4.1589","0.1249"
"Guram Kashia","SJE","2019","2113","26.669190724089","0.8603","0.8288","0.840647420728822","3.1521","24.2353","10.7248","0.0694"
"Magnus Eriksson","SJE","2019","3061","52.6886638353479","0.7833","0.7674","0.840101927474681","1.5945","19.1011","3.6308","0.134"
"Alejandro Fuenmayor","HOU","2019","768","24.875","0.8794","0.8457","0.839175","3.3735","23.516","9.2376","0.0674"
"Nick Lima","SJE","2019","2004","33.1976047904192","0.8268","0.8019","0.829226347305389","2.4978","18.7669","-1.1678","0.0795"
"Hwang In-Beom","VAN","2019","3078","45.3489278752437","0.8501","0.8321","0.815641325536062","1.7986","20.0749","3.4139","0.1357"
"Lalas Abubakar","CLB, COL","2019","2286","15.9160104986877","0.8496","0.7986","0.811905511811024","5.1012","22.9736","9.5004","0.056"
"Maynor Figueroa","HOU","2019","2480","31.3161290322581","0.8195","0.7936","0.811753548387097","2.5921","23.6347","11.7222","0.0894"
"Brent Kallman","MIN","2019","1420","22.8507042253521","0.9024","0.8671","0.806805633802817","3.5308","21.7482","7.4743","0.0588"
"Boniek García","HOU","2019","2822","39.9376328844791","0.8646","0.8446","0.795912119064493","1.9929","18.8904","3.3331","0.108"
"Kelvin Leerdam","SEA","2019","3027","40.6263627353816","0.7869","0.7673","0.795813676907829","1.9589","18.4669","2.0448","0.0974"
"Felipe Gutiérrez","SKC","2019","2952","43.5121951219512","0.8341","0.8161","0.782364227642277","1.798","20.6862","3.1042","0.1164"
"Judson","SJE","2019","2064","38.9767441860465","0.8819","0.8618","0.78033488372093","2.002","22.0005","4.4241","0.0812"
"Justen Glad","RSL","2019","2350","26.0629787234043","0.8401","0.8105","0.771325276595745","2.9595","22.2921","9.7034","0.0657"
"Shea Salinas","SJE","2019","1514","36.7133421400264","0.7893","0.7683","0.771284544253633","2.1008","17.597","0.1996","0.0567"
"Daniel Steres","LAG","2019","3055","22.0281505728314","0.8274","0.7924","0.77081558101473","3.4992","23.6084","11.039","0.0546"
"Waylon Francis","CLB","2019","1510","39.2900662251656","0.7994","0.7799","0.763212715231788","1.9425","19.3247","2.6063","0.0865"
"Diego Palacios","LAFC","2019","100","66.24","0.8116","0.8001","0.76272","1.1514","17.4546","0.4767","0.0746"
"Aljaz Struna","HOU","2019","2885","21.7622183708839","0.8823","0.8473","0.760552928942808","3.4948","21.3588","9.184","0.069"
"Jukka Raitala","MTL","2019","2294","31.0514385353095","0.8571","0.8328","0.755671490845684","2.4336","21.7686","7.3572","0.0731"
"Julio Cascante","POR","2019","1614","23.910780669145","0.8507","0.8195","0.74667063197026","3.1227","21.7694","9.2861","0.0529"
"Oriol Rosell","ORL","2019","1635","44.9761467889908","0.8642","0.8479","0.733986055045872","1.6319","20.5787","6.1798","0.1045"
"Ricardo Pepi","FCD","2019","113","16.9911504424779","0.75","0.707","0.72993982300885","4.296","13.9444","5.313","0.0123"
"Jalil Anibaba","NER","2019","1951","17.2219374679651","0.7429","0.7009","0.722435674013327","4.1949","25.8379","12.9349","0.059"
"Franco Escobar","ATL","2019","2496","38.5","0.8422","0.8234","0.721880769230769","1.875","17.9273","0.3019","0.0885"
"Saad Abdul-Salaam","SEA","2019","1217","33.2884141331142","0.7796","0.758","0.72027608874281","2.1637","18.4426","2.6946","0.0626"
"Leandro González Pirez","ATL","2019","3233","40.5914011753789","0.8383","0.8208","0.711359109186514","1.7525","25.5889","10.7558","0.0954"
"Michael Mancienne","NER","2019","1322","23.6732223903177","0.7945","0.7647","0.704002420574886","2.9738","23.2327","10.9952","0.0608"
"Nick DeLeon","TOR","2019","2182","35.8570119156737","0.8147","0.7951","0.702837030247479","1.9601","16.5564","0.956","0.0605"
"Wil Trapp","CLB","2019","2574","48.6340326340326","0.8497","0.8353","0.698689044289044","1.4366","20.7455","5.6719","0.1231"
"Brandon Bye","NER","2019","3027","35.4886025768087","0.6765","0.657","0.693277304261645","1.9535","17.4929","6.6388","0.1051"
"Auston Trusty","PHI","2019","2156","29.3877551020408","0.8242","0.8008","0.689708348794063","2.3469","23.1893","9.6807","0.07"
"Harold Cummings","SJE","2019","1520","23.1789473684211","0.8828","0.8534","0.682275789473684","2.9435","22.2374","8.0459","0.0627"
"Harrison Afful","CLB","2019","2101","38.4731080437887","0.7838","0.7661","0.681901570680628","1.7724","19.4736","3.4082","0.1078"
"Nedum Onuoha","RSL","2019","2748","19.5633187772926","0.8768","0.842","0.680206113537118","3.4769","20.3277","7.0752","0.056"
"Eric Alexander","CIN","2019","353","33.7223796033994","0.8548","0.8348","0.676514447592068","2.0061","15.7459","2.1386","0.0643"
"Seth Sinovic","SKC","2019","2076","43.0982658959538","0.8273","0.8116","0.674617341040462","1.5653","18.5444","1.0559","0.1021"
"Joseph Mora","DCU","2019","1840","31.1478260869565","0.7772","0.7557","0.670711304347826","2.1533","16.0542","2.0777","0.0803"
"Jimmy Medranda","SKC","2019","235","29.0042553191489","0.7465","0.7234","0.669181276595745","2.3072","18.5331","2.2563","0.0245"
"Ronald Matarrita","NYC","2019","2260","45.1115044247788","0.7797","0.7649","0.665496637168142","1.4752","19.4166","1.5603","0.1133"
"Valeri Qazaishvili","SJE","2019","2307","33.5396618985696","0.8449","0.8252","0.661047594278283","1.9709","15.9311","0.9271","0.0848"
"Kyle Beckerman","RSL","2019","2475","46.9333333333333","0.8645","0.8504","0.660096","1.4065","19.6801","4.707","0.1218"
"Erik Holt","RSL","2019","402","16.7164179104478","0.8286","0.7896","0.650626865671642","3.8922","23.0504","9.4924","0.0483"
"Kyle Smith","ORL","2019","1554","33.976833976834","0.8","0.7809","0.647258687258687","1.905","17.2026","2.5162","0.0739"
"Chris Pontius","LAG","2019","806","33.1116625310174","0.8273","0.808","0.641377667493796","1.937","12.8419","-0.8724","0.043"
"Amar Sejdic","MTL","2019","71","29.7464788732394","0.9091","0.8878","0.633870422535211","2.1309","17.3302","-4.945","0.0649"
"Alex Crognale","CLB","2019","1000","19.68","0.8146","0.7826","0.629616","3.1993","24.3771","12.9383","0.0523"
"Michael Boxall","MIN","2019","2916","17.9753086419753","0.8462","0.8111","0.629211522633745","3.5004","20.4164","8.613","0.0585"
"Nick Hagglund","CIN","2019","1985","20.0221662468514","0.7923","0.761","0.62655355163728","3.1293","25.0383","11.4975","0.0605"
"Edwin Cerrillo","FCD","2019","1034","36.2088974854932","0.9077","0.8905","0.62327582205029","1.7213","18.8997","2.2623","0.0794"
"Gianluca Busio","SKC","2019","1046","31.2963671128107","0.8592","0.8394","0.619925047801147","1.9808","18.1016","-2.1024","0.0499"
"Jesús Medina","NYC","2019","839","32.3814064362336","0.841","0.8219","0.619709177592372","1.9138","17.4227","0.9643","0.05"
"Cristhian Paredes","POR","2019","1900","37.2884210526316","0.8469","0.8304","0.615996631578947","1.652","19.5949","4.1275","0.0835"
"Tim Parker","NYRB","2019","2783","18.6618756737334","0.7006","0.6681","0.605138052461373","3.2426","22.9595","16.1689","0.0487"
"Eric Miller","NYC, MIN","2019","841","32.0760998810939","0.8043","0.7856","0.597494411414982","1.8627","18.7578","1.1414","0.0692"
"Renzo Zambrano","POR","2019","866","43.7875288683603","0.8911","0.8776","0.594933949191686","1.3587","22.2659","3.9773","0.105"
"Peter-Lee Vassell","LAFC","2019","215","41.5255813953488","0.828","0.8137","0.593146046511628","1.4284","16.6209","3.7307","0.0403"
"Marcos López","SJE","2019","1252","45.85303514377","0.811","0.7981","0.591335463258786","1.2896","20.5705","0.8281","0.0774"
"Tommy Smith","COL","2019","2659","15.2719067318541","0.7967","0.7581","0.589737495298985","3.8616","25.2807","13.9403","0.05"
"Frédéric Brillant","DCU","2019","3395","20.1331369661267","0.823","0.794","0.583849661266569","2.8999","21.5994","9.8818","0.0532"
"Giancarlo González","LAG","2019","1779","17.9156829679595","0.8253","0.793","0.578390556492411","3.2284","23.5432","9.2959","0.0408"
"Raheem Edwards","CHI","2019","268","39.044776119403","0.789","0.7742","0.576358208955224","1.4762","17.6267","4.9323","0.0762"
"Uriel Antuna","LAG","2019","2724","26.1850220264317","0.7631","0.7412","0.57311013215859","2.1887","16.818","-1.0085","0.0739"
"Erik Godoy","VAN","2019","2853","21.6361724500526","0.818","0.7916","0.573015352260778","2.6484","24.137","9.6108","0.0701"
"Jon Erice","VAN","2019","1907","40.4740429994756","0.8507","0.8367","0.569198951232302","1.4063","19.9921","7.4956","0.1129"
"Paul Marie","SJE","2019","408","34.5882352941176","0.7687","0.7524","0.564258823529412","1.6314","18.0384","2.742","0.0442"
"Nouhou Tolo","SEA","2019","962","39.3180873180873","0.8299","0.8158","0.555572557172557","1.413","16.8264","-0.2096","0.0445"
"Derrick Jones","PHI","2019","67","12.8955223880597","0.8889","0.8464","0.547916417910448","4.249","12.1876","2.7344","0.0334"
"Marvin Loría","POR","2019","899","34.7052280311457","0.8215","0.8059","0.542768409343715","1.5639","17.1876","-0.4264","0.0464"
"Shamit Shome","MTL","2019","1783","29.6130117779024","0.84","0.8225","0.517231632080763","1.7466","17.2535","3.7958","0.0611"
"Edgar Castillo","NER","2019","1832","38.5676855895196","0.7826","0.7693","0.511467248908297","1.3261","18.2816","6.8698","0.1093"
"Siad Haji","SJE","2019","70","32.9142857142857","0.7083","0.693","0.503588571428571","1.5299","16.1872","0.4169","0.0217"
"Anton Tinnerholm","NYC","2019","3016","39.8196286472149","0.7602","0.7476","0.502099734748011","1.2609","18.4123","4.1799","0.1043"
"Keaton Parks","NYC","2019","1568","48.1224489795918","0.8461","0.8357","0.496144897959184","1.031","18.3288","4.4341","0.0912"
"Tsubasa Endoh","TOR","2019","1181","33.8966977138019","0.7962","0.7816","0.492485690093141","1.4529","17.3462","-1.3088","0.0628"
"Kim Kee-hee","SEA","2019","3318","22.2784810126582","0.8545","0.8325","0.491029294755877","2.204","22.2589","8.8217","0.0598"
"Jack Elliott","PHI","2019","3606","27.6605657237937","0.8191","0.8013","0.490800665557404","1.7744","24.0111","10.9555","0.0632"
"Frankie Amaya","CIN","2019","1341","35.1498881431767","0.835","0.8211","0.49041610738255","1.3952","19.8017","1.1402","0.0883"
"Carlos Gruezo","FCD","2019","866","45.6720554272517","0.9053","0.8948","0.48331454965358","1.0582","19.0608","0.7397","0.1153"
"Mo Adams","CHI, ATL","2019","671","31.618479880775","0.8688","0.8536","0.480672429210134","1.5202","16.6941","3.5431","0.0439"
"Miles Robinson","ATL","2019","3259","34.1405339061062","0.8766","0.8626","0.477183921448297","1.3977","21.9911","7.2343","0.0829"
"Maikel van der Werff","CIN","2019","1097","20.9152233363719","0.8033","0.7811","0.46508805834093","2.2237","24.5496","11.6742","0.076"
"Romain Métanire","MIN","2019","2752","48.1744186046512","0.7198","0.7102","0.459872093023256","0.9546","20.2832","4.7643","0.1372"
"Mathieu Deplagne","CIN","2019","3155","34.9920760697306","0.7974","0.7845","0.452359302694136","1.2928","19.2483","4.6407","0.1031"
"Eric Remedi","ATL","2019","2228","48.0861759425494","0.8844","0.8751","0.449618671454219","0.935","19.1649","3.337","0.0911"
"Rudy Camacho","MTL","2019","1599","38.5440900562852","0.8894","0.8781","0.435079924953096","1.1288","23.0023","7.9474","0.0884"
"Bill Tuiloma","POR","2019","2324","20.4888123924269","0.8508","0.8298","0.431173838209983","2.1044","23.1865","9.4244","0.0523"
"Derrick Etienne","CIN, NYRB","2019","758","27.1029023746702","0.7196","0.7039","0.427073350923483","1.5758","17.6245","2.1522","0.0476"
"Brandon Servania","FCD","2019","1362","37.0748898678414","0.8631","0.8517","0.424077533039648","1.1438","18.2295","3.4852","0.0792"
"Michaell Chirinos","VAN","2019","441","29.8231292517007","0.8686","0.8544","0.422987755102041","1.4183","16.6584","-2.2656","0.0704"
"Will Johnson","ORL","2019","1847","36.6432051976178","0.8624","0.8509","0.420731564699513","1.1482","19.2577","1.625","0.0911"
"Nani","ORL","2019","2495","51.0973947895792","0.7553","0.7471","0.416178276553106","0.8145","19.1185","3.5562","0.1294"
"Everton Luiz","RSL","2019","2489","33.2856568903174","0.8772","0.8651","0.403350421856167","1.2118","16.9386","2.0851","0.0864"
"Aníbal Godoy","SJE","2019","1479","44.9168356997972","0.8858","0.8769","0.402771602434077","0.8967","21.3728","3.673","0.1148"
"Brandt Bronico","CHI","2019","2066","38.1955469506292","0.8017","0.7912","0.401638722168441","1.0515","18.5206","4.1032","0.0802"
"Francis Atuahene","FCD","2019","33","8.72727272727273","1","0.9543","0.398836363636364","4.5685","10.9401","-6.9383","0.0296"
"Aleksandar Katai","CHI","2019","2281","38.3410784743534","0.7552","0.745","0.392543621218764","1.0238","17.0266","-0.5567","0.1068"
"Foster Langsdorf","POR","2019","40","12","0.6","0.5681","0.38232","3.1869","10.6317","1.702","0.0129"
"Nicolas Hasler","SKC, CHI","2019","800","41.16","0.8134","0.8042","0.380976","0.9256","19.0144","2.4214","0.0682"
"Marco Fabián","PHI","2019","1424","51.1685393258427","0.8393","0.8319","0.377696629213483","0.7381","18.1472","1.7118","0.0793"
"Alfonso Ocampo-Chavez","SEA","2019","103","13.9805825242718","0.8667","0.8398","0.376077669902913","2.6901","12.4347","-3.2123","0.0185"
"Botond Baráth","SKC","2019","1915","23.5613577023499","0.8383","0.8226","0.368925744125326","1.5658","23.5865","8.2411","0.06"
"Donny Toia","RSL","2019","2513","39.2709908475925","0.8064","0.797","0.368452049343414","0.9382","19.4069","4.3971","0.0986"
"Florian Jungwirth","SJE","2019","2943","26.2915392456677","0.8362","0.8222","0.367810805300714","1.399","24.3701","9.7378","0.0656"
"Johan Kappelhof","CHI","2019","2796","25.8540772532189","0.8367","0.8225","0.367066094420601","1.4198","18.985","4.6063","0.0723"
"Sam Vines","COL","2019","2381","25.4010919781604","0.8032","0.7888","0.365126585468291","1.4374","19.5869","4.6372","0.081"
"Latif Blessing","LAFC","2019","3104","43.6082474226804","0.8454","0.8373","0.354111340206186","0.812","15.9627","3.3445","0.1001"
"Ilie Sánchez","SKC","2019","2767","47.6357065413806","0.8478","0.8404","0.349277629201301","0.7332","21.9232","5.7971","0.1046"
"Diego Rossi","LAFC","2019","3327","32.1442741208296","0.8133","0.8027","0.339401983769161","1.0559","15.2139","-2.0786","0.0851"
"Shandon Hopeau","SEA","2019","41","30.4390243902439","0.8462","0.8351","0.336468292682927","1.1057","12.8304","-4.5027","0.0339"
"Diego Fagundez","NER","2019","1307","37.2394797245601","0.789","0.7799","0.335985309869931","0.9022","18.25","3.7376","0.0557"
"Ike Opara","MIN","2019","2911","19.1604259704569","0.8227","0.8057","0.326934249398832","1.7063","20.3829","7.67","0.0554"
"Harry Shipp","SEA","2019","1539","39.672514619883","0.8302","0.822","0.32611306042885","0.822","16.8286","2.3367","0.0648"
"Maxime Chanot","NYC","2019","3208","20.0798004987531","0.7899","0.7741","0.317239900249377","1.5799","23.8808","10.7612","0.0565"
"Felipe","DCU, VAN","2019","2145","40.0559440559441","0.8346","0.8269","0.30882013986014","0.771","21.0635","4.495","0.0941"
"Emmanuel Boateng","LAG, DCU","2019","1105","24.0651583710407","0.7329","0.7201","0.30649628959276","1.2736","15.2826","0.1656","0.0349"
"Cristian Higuita","ORL","2019","696","50.0689655172414","0.8678","0.8617","0.304041379310345","0.6072","17.7631","1.0084","0.1124"
"Michee Ngalina","PHI","2019","14","6.85714285714286","1","0.9558","0.303085714285714","4.4185","9.4514","-9.315","0.0025"
"Andrew Farrell","NER","2019","2966","24.9871881321645","0.7604","0.7483","0.302108698583951","1.2091","23.6949","12.3208","0.0824"
"Brad Smith","SEA","2019","2467","46.2294284556141","0.7786","0.7723","0.29363080664775","0.6352","16.3179","1.3273","0.1035"
"Emerson Hyndman","ATL","2019","1173","35.5191815856777","0.8341","0.8258","0.293131457800512","0.8253","16.2479","2.0761","0.0663"
"Robin Jansson","ORL","2019","2663","19.1423206909501","0.8286","0.8135","0.289081487044686","1.5102","23.9535","11.6432","0.0541"
"Romain Alessandrini","LAG","2019","350","56.2285714285714","0.6976","0.6925","0.282294857142857","0.502","18.3299","1.242","0.0793"
"Brek Shea","ATL","2019","1018","44.3222003929273","0.7915","0.7852","0.279380746561886","0.6303","18.076","0.2635","0.0601"
"Bressan","FCD","2019","1339","37.5683345780433","0.8187","0.8116","0.26745929798357","0.7119","20.2102","4.4271","0.0782"
"Donovan Pines","DCU","2019","868","19.5760368663594","0.7966","0.783","0.266200921658986","1.3598","21.152","6.5446","0.0486"
"Bryan Acosta","FCD","2019","2441","52.0704629250307","0.8459","0.8408","0.264973371569029","0.5089","23.7652","5.0988","0.1252"
"Carles Gil","NER","2019","3445","57.0148040638607","0.759","0.7545","0.259308679245283","0.4548","21.3398","5.6584","0.1714"
"Ezequiel Barco","ATL","2019","1309","43.7097020626432","0.802","0.7961","0.258393277310924","0.5912","17.5678","1.1639","0.0913"
"Aboubacar Keita","CLB","2019","889","18.7896512935883","0.8276","0.8139","0.256305961754781","1.3641","22.5793","10.4875","0.0562"
"Víctor Rodríguez","SEA","2019","1322","42.9167927382753","0.7513","0.7454","0.253201815431165","0.59","15.503","2.2261","0.085"
"Rodney Wallace","SKC","2019","26","11.0769230769231","1","0.9772","0.252184615384615","2.2766","13.7334","-6.2483","0.0107"
"Tommy McNamara","HOU","2019","1730","27.6901734104046","0.7796","0.7705","0.250876300578035","0.906","18.1722","2.6872","0.0475"
"Jordy Delem","SEA","2019","1668","32.2302158273381","0.8179","0.8102","0.247729496402878","0.7686","18.2808","6.5297","0.0627"
"Jordan Hamilton","TOR, CLB","2019","767","17.2724902216428","0.8551","0.8411","0.24127666232073","1.3969","13.4593","-3.8517","0.0304"
"Sean Davis","NYRB","2019","2883","44.1540062434964","0.7617","0.7564","0.232258064516129","0.526","17.8327","7.9169","0.1168"
"Tomás Martínez","HOU","2019","2486","36.8012872083669","0.8069","0.8007","0.228183427192277","0.62","18.8388","4.4004","0.0994"
"Favio Álvarez","LAG","2019","1349","43.3387694588584","0.8309","0.8257","0.22213076352854","0.5126","16.468","2.6029","0.0949"
"Jon Kempin","CLB","2019","297","0.323232323232323","1","0.3146","0.221543434343434","68.5365","54.2076","50.255","0.0036"
"Ali Adnan","VAN","2019","2644","38.9591527987897","0.753","0.7478","0.203183055975794","0.5215","19.7536","2.6583","0.1273"
"Lucas Rodríguez","DCU","2019","3099","28.7163601161665","0.8554","0.8486","0.197297192642788","0.6871","17.3818","1.4558","0.091"
"Mathieu Choinière","MTL","2019","767","25.9087353324641","0.8406","0.8331","0.193351760104302","0.7463","15.8945","0.2072","0.0444"
"Luis Argudo","CLB","2019","1191","29.4206549118388","0.8329","0.8269","0.175169773299748","0.5954","17.149","0.0715","0.0636"
"Dillon Serna","COL","2019","669","32.5739910313901","0.7357","0.7304","0.172685201793722","0.5301","19.416","1.6683","0.0578"
"Kofi Opare","COL","2019","296","18.4864864864865","0.8246","0.8155","0.167221621621622","0.9046","18.5096","7.937","0.0494"
"Jonathan Campbell","SEA","2019","388","21.0309278350515","0.8588","0.8512","0.160676288659794","0.764","20.5456","6.7065","0.0617"
"Servando Carrasco","LAG","2019","484","24.9917355371901","0.8333","0.8273","0.152013223140496","0.6083","20.8379","5.6825","0.0249"
"Sam Nicholson","COL","2019","1976","22.0566801619433","0.6872","0.6813","0.131081781376518","0.5943","16.0292","0.7333","0.0762"
"Sebastián Saucedo","RSL","2019","1322","36.0907715582451","0.7847","0.7811","0.130732829046899","0.3622","20.3414","1.3053","0.0697"
"Benny Feilhaber","SKC, COL","2019","1868","37.2591006423983","0.8276","0.8244","0.118766595289079","0.3188","19.6622","2.9803","0.0817"
"Tajon Buchanan","NER","2019","447","13.9597315436242","0.6615","0.6534","0.113825503355705","0.8154","15.1534","0.9784","0.0391"
"Mark McKenzie","PHI","2019","819","25.2014652014652","0.8512","0.8469","0.10807326007326","0.4288","20.8957","6.0239","0.0618"
"Marcelo Silva","RSL","2019","1585","16.7772870662461","0.8339","0.8277","0.104933753943218","0.6254","22.0016","9.0638","0.0438"
"Larrys Mabiala","POR","2019","2203","22.8343168406718","0.8244","0.8201","0.0996168860644576","0.4363","21.3248","7.8797","0.0583"
"Román Torres","SEA","2019","1566","17.0421455938697","0.7842","0.7788","0.0918375478927203","0.5389","24.2749","9.5926","0.0416"
"Marcelo","CHI","2019","1268","23.3943217665615","0.7638","0.76","0.0884365930599369","0.378","24.2911","11.1126","0.0529"
"Luis Caicedo","NER","2019","2575","28.5576699029126","0.8133","0.8103","0.0854642330097087","0.2993","19.6133","5.9393","0.0793"
"Yohan Croizet","SKC","2019","1214","30.840197693575","0.7923","0.7897","0.0818135090609555","0.2653","19.3198","1.0267","0.0599"
"Brad Knighton","NER","2019","738","0.130081300813008","1","0.3769","0.0810536585365854","62.3101","52.953","52.555","0.0064"
"Przemyslaw Frankowski","CHI","2019","2534","34.7403314917127","0.7503","0.748","0.0803763220205209","0.2314","17.899","0.8593","0.0896"
"Michael Barrios","FCD","2019","3132","31.7547892720307","0.6969","0.6945","0.076104214559387","0.2397","18.4731","-1.5451","0.0969"
"Zachary Brault-Guillard","MTL","2019","968","40.2644628099174","0.7611","0.7592","0.0758677685950413","0.1884","19.1551","2.3275","0.0848"
"Joe Gyau","CIN","2019","508","25.8897637795276","0.8467","0.8438","0.0749102362204724","0.2893","13.9578","-2.9346","0.0754"
"Thomás Chacón","MIN","2019","91","23.2087912087912","0.8182","0.815","0.0732131868131868","0.3154","14.0999","-3.727","0.0476"
"Fabinho","PHI","2019","100","25.92","0.7778","0.775","0.07152","0.2759","15.7783","2.7983","0.1023"
"Aaron Long","NYRB","2019","2478","21.1912832929782","0.6654","0.6623","0.0664910411622276","0.3138","21.4195","13.9188","0.0594"
"Clément Bayiha","MTL","2019","528","30","0.7455","0.7433","0.0642545454545455","0.2142","13.2558","-0.384","0.0517"
"Jacori Hayes","FCD","2019","1018","42.1532416502947","0.8747","0.8733","0.0603536345776031","0.1432","17.3752","2.2789","0.0684"
"Francisco Calvo","CHI, MIN","2019","2811","31.3852721451441","0.7856","0.7837","0.0599906083244397","0.1911","23.2655","9.2931","0.0898"
"Luis Robles","NYRB","2019","3419","0.393097396899678","0.7143","0.5666","0.0580520620064346","14.7676","39.6611","35.1079","0.005"
"Pablo Sisniega","LAFC","2019","581","0.826161790017212","1","0.9327","0.0555676419965577","6.7257","13.9628","6.279","0.0041"
"Aurélien Collin","PHI","2019","589","30.1528013582343","0.827","0.8252","0.0544054329371817","0.1804","22.7059","11.9128","0.0685"
"Lawrence Olum","MIN","2019","622","31.9485530546624","0.8406","0.8392","0.0454533762057878","0.1423","18.3984","5.0956","0.0726"
"Mark-Anthony Kaye","LAFC","2019","2787","59.7287405812702","0.8356","0.8349","0.0446656620021528","0.0748","18.4383","5.361","0.1229"
"Tyler Deric","HOU","2019","693","0.138528138528139","1","0.6804","0.0442735930735931","31.9595","47.5224","33.12","0.0027"
"Tyler Miller","LAFC","2019","2980","0.225503355704698","1","0.8219","0.0401589261744966","17.8092","27.3191","19.78","0.0023"
"David Bingham","LAG","2019","3454","0.0833815865662999","1","0.5297","0.039211580775912","47.0275","36.8106","35.7267","0.0022"
"DeJuan Jones","NER","2019","1550","29.5432258064516","0.7799","0.7788","0.0329744516129032","0.1116","16.3611","2.6587","0.0714"
"Yordy Reyna","VAN","2019","2183","27.1333027943197","0.7699","0.7688","0.0297103069170866","0.1095","17.8756","1.8749","0.1003"
"Julian Araujo","LAG","2019","1001","35.2927072927073","0.7283","0.7275","0.0261626373626374","0.0741","17.9222","2.8056","0.0657"
"Tim Howard","COL","2019","2378","0.080740117746005","1","0.7015","0.0241049621530698","29.8543","42.2437","41.4","0.0042"
"Maxime Crépeau","VAN","2019","2564","0.0748829953198128","1","0.7165","0.0212330733229329","28.3529","39.6073","37.3175","0.0022"
"Sebastien Ibeagha","NYC","2019","1265","19.503557312253","0.8405","0.8394","0.0208923320158103","0.1071","21.4096","8.2285","0.0333"
"Alex De John","ORL","2019","435","14.5655172413793","0.7576","0.7563","0.0187365517241379","0.1286","22.0515","10.1357","0.0425"
"Jesse González","FCD","2019","3337","0.115073419238837","0.75","0.6218","0.0147552891818999","12.8218","37.0418","32.315","0.0024"
"Evan Bush","MTL","2019","3159","0.0303893637226971","1","0.5686","0.0131099715099715","43.1376","40.2561","40.135","0.0013"
"Robin Lod","MIN","2019","712","29.2584269662921","0.8295","0.8292","0.00806292134831461","0.0276","16.3283","1.3418","0.0648"
"Adam Lundkvist","HOU","2019","2642","40.4784254352763","0.7469","0.7467","0.00725632096896291","0.0179","20.6438","0.7975","0.1085"
"Sean Johnson","NYC","2019","2993","0.128299365185433","0.75","0.7013","0.00624497160040094","4.8687","13.9645","10.1775","0.0031"
"Deklan Wynne","COL","2019","1010","17.6792079207921","0.7473","0.7471","0.00301306930693069","0.017","20.5897","9.754","0.0628"
"Joe Bendik","CLB","2019","594","0.161616161616162","1","0.9818","0.00294141414141414","1.818","30.1618","28.75","0.0034"
"Daniel Vega","SJE","2019","3375","0.0284444444444444","1","0.9127","0.0024832","8.7301","15.4119","15.41","0.0017"
"Zakaria Diallo","MTL","2019","2233","35.2100313479624","0.8352","0.8351","0.00131124048365428","0.0037","24.7292","11.2529","0.0884"
"Bill Hamid","DCU","2019","3428","0.0840140023337223","1","0.9844","0.00130781796966161","1.5579","18.3805","8.97","0.0015"
"Joe Willis","HOU","2019","2687","0.071455154447339","1","0.9853","0.00105039077037588","1.4713","17.3735","7.1875","0.0042"
"Zack Steffen","CLB","2019","1285","0.0747081712062257","1","0.9879","0.000903968871595331","1.2079","34.2584","15.64","0.0016"
"Spencer Richey","CIN","2019","1876","0.0511727078891258","1","0.993","0.000358208955223881","0.6965","26.8129","-25.76","0.003"
"Kenneth Kronholm","CHI","2019","1977","0.582701062215478","0.75","0.7496","0.000213657056145675","0.0365","31.2894","22.0321","0.0037"
"Przemyslaw Tyton","CIN","2019","1489","0","0","0","0","0","0","0","0"
"Jeff Attinella","POR","2019","999","0","0","0","0","0","0","0","0.0033"
"Andre Blake","PHI","2019","2773","0","0","0","0","0","0","0","0"
"Adrián Zendejas","SKC","2019","99","0","0","0","0","0","0","0","0"
"Jimmy Maurer","FCD","2019","200","0","0","0","0","0","0","0","0"
"Greg Ranjitsingh","ORL","2019","204","0","0","0","0","0","0","0","0"
"Steve Clark","POR","2019","2506","0.191540303272147","0.8","0.832","-0.00613695131683959","-3.204","28.369","17.503","0.0035"
"Tim Melia","SKC","2019","3172","0.181588902900378","0.5","0.5424","-0.00770542244640605","-4.2441","32.0761","27.9067","0.0033"
"Brad Guzan","ATL","2019","3639","0.158285243198681","0.8333","0.8876","-0.00858961253091509","-5.4273","31.766","19.3392","0.0026"
"Brian Rowe","ORL","2019","3189","0.210724365004704","0.4286","0.5071","-0.0165539040451552","-7.855","52.6033","44.7021","0.0047"
"Samuel Piette","MTL","2019","2428","43.2553542009885","0.851","0.8514","-0.0168553542009885","-0.039","22.6245","4.4264","0.1108"
"Quentin Westberg","TOR","2019","3160","0.121518987341772","0.5","0.6468","-0.0178389873417722","-14.6794","27.7254","23.575","0.0029"
"Derek Cornelius","VAN","2019","1558","17.8074454428755","0.8443","0.8454","-0.0199147625160462","-0.1118","22.8849","8.0066","0.0573"
"Leonardo Jara","DCU","2019","2556","36.5446009389671","0.7986","0.7991","-0.0208901408450704","-0.0572","18.9121","2.1513","0.0876"
"Stefan Frei","SEA","2019","3804","0.0757097791798107","0","0.2852","-0.021592429022082","-28.521","51.4841","44.8883","0.0029"
"Axel Sjöberg","COL","2019","485","14.8453608247423","0.8","0.8015","-0.0221492783505155","-0.1492","21.6062","6.348","0.0358"
"Eloy Room","CLB","2019","1200","0.08","0","0.2829","-0.022632","-28.2948","53.8003","53.705","0.0025"
"Luis Díaz","CLB","2019","883","19.1347678369196","0.6534","0.6546","-0.0227442808607022","-0.1189","17.6728","0.3829","0.0578"
"Clint Irwin","COL","2019","999","0.0960960960960961","0","0.2544","-0.0244468468468469","-25.4403","44.1309","42.665","0.0054"
"David Ousted","CHI","2019","1374","0.0698689956331878","0","0.3632","-0.0253764192139738","-36.3203","56.32","45.08","0.0028"
"Emil Cuello","LAG","2019","246","22.6341463414634","0.7759","0.777","-0.0256780487804878","-0.1134","18.1842","1.61","0.0304"
"Nick Rimando","RSL","2019","3048","0.125984251968504","0.25","0.4827","-0.0293165354330709","-23.2712","39.9248","31.6537","0.0026"
"Vito Mannone","MIN","2019","3454","0.194557035321367","0.4286","0.5802","-0.0295031847133758","-15.1641","38.7509","32.66","0.0035"
"Victor Ulloa","CIN","2019","2135","42.6266978922717","0.8186","0.8193","-0.0306165807962529","-0.0718","19.1335","4.4045","0.1056"
"Rasmus Schüller","MIN","2019","996","39.421686746988","0.8264","0.8274","-0.037233734939759","-0.0944","17.622","2.1996","0.0801"
"Ruan","ORL","2019","2330","30.8188841201717","0.742","0.7432","-0.0386884120171674","-0.1255","16.7805","1.101","0.0839"
"Danilo Silva","LAFC","2019","261","29.0574712643678","0.7848","0.7862","-0.0414528735632184","-0.1427","20.8626","8.855","0.0485"
"Victor Giro","VAN","2019","900","30.08","0.8191","0.8206","-0.0429226666666667","-0.1427","16.2638","0.3825","0.0535"
"Juan David Cabezas","HOU","2019","626","27.297124600639","0.8258","0.8275","-0.0440894568690096","-0.1615","19.5813","4.3306","0.0481"
"Zac MacMath","VAN","2019","798","0.240601503759398","0.5","0.7142","-0.0515368421052632","-21.4197","34.6019","31.51","0.0024"
"Nemanja Nikolic","CHI","2019","2134","20.1087160262418","0.8188","0.8217","-0.0584457357075914","-0.2907","14.6735","-3.4346","0.0474"
"Kevin Garcia","HOU","2019","916","25.9912663755459","0.8065","0.809","-0.0665816593886463","-0.2562","21.371","5.2191","0.0623"
"Saphir Taïder","MTL","2019","2976","53.2903225806452","0.8111","0.8124","-0.0677258064516129","-0.1271","22.7308","1.4453","0.1384"
"Jalen Robinson","DCU","2019","475","14.5515789473684","0.7639","0.7687","-0.0702922105263158","-0.483","19.8531","4.5537","0.0274"
"Rod Fanni","MTL","2019","295","24.4067796610169","0.8533","0.8563","-0.0726345762711864","-0.2975","23.8551","9.5619","0.0685"
"Andrew Putna","RSL","2019","493","0.1947261663286","0","0.4084","-0.0795261663286004","-40.8384","47.9539","39.215","0.0029"
"Andy Rose","VAN","2019","2048","26.953125","0.8087","0.8117","-0.080465625","-0.2985","19.9286","5.2142","0.0761"
"Jeff Larentowicz","ATL","2019","1948","36.1232032854209","0.8513","0.8539","-0.0936246406570842","-0.2592","18.8101","3.2518","0.062"
"Ayo Akinola","TOR","2019","293","19.9863481228669","0.8525","0.8582","-0.114643003412969","-0.5737","15.7989","-3.6253","0.024"
"Kendall Waston","CIN","2019","2399","22.0491871613172","0.7495","0.7549","-0.11745694039183","-0.5327","25.053","13.1444","0.0725"
"Jozy Altidore","TOR","2019","1864","24.9785407725322","0.7711","0.776","-0.122709012875536","-0.4913","16.6031","1.0561","0.0607"
"Mohamed El-Munir","LAFC","2019","681","54.8370044052863","0.7969","0.7992","-0.124588546255507","-0.2272","17.0589","3.8201","0.0578"
"Christian Ramirez","LAFC, HOU","2019","1745","19.8601719197708","0.7922","0.7988","-0.130136389684814","-0.6553","14.7981","0.957","0.042"
"Danny Wilson","COL","2019","1464","21.7049180327869","0.7492","0.7553","-0.131167213114754","-0.6043","24.0402","9.7983","0.0649"
"Danny Leyva","SEA","2019","472","45.3559322033898","0.8655","0.8684","-0.131247457627119","-0.2894","19.208","4.2803","0.09"
"Brooks Lennon","RSL","2019","1745","38.0699140401146","0.7428","0.7464","-0.136694097421203","-0.3591","21.4682","3.5793","0.0807"
"Alex Roldan","SEA","2019","502","24.4780876494024","0.8281","0.8339","-0.141705179282869","-0.5789","17.5747","-0.2291","0.0497"
"Cristian Penilla","NER","2019","2061","31.2081513828239","0.7149","0.7197","-0.149002620087336","-0.4774","19.4213","2.6572","0.0761"
"David Accam","PHI, CLB","2019","1127","17.9733806566105","0.7536","0.7619","-0.149179059449867","-0.83","15.1665","-0.5483","0.0406"
"Alexander Ring","NYC","2019","3204","46.2921348314607","0.8149","0.8181","-0.150016479400749","-0.3241","22.1454","7.1372","0.1268"
"Cristian Pavón","LAG","2019","1243","39.6975060337892","0.7296","0.7335","-0.156936444086887","-0.3953","16.5287","1.363","0.1247"
"Fabian Herbers","CHI","2019","873","32.3298969072165","0.8027","0.8076","-0.157921649484536","-0.4885","15.4114","-0.0215","0.0498"
"Mauricio Pereyra","ORL","2019","430","49.5627906976744","0.7523","0.7557","-0.168424186046512","-0.3398","20.6105","6.3809","0.1043"
"Ricardo Clark","CLB","2019","391","36.8286445012788","0.8267","0.8314","-0.175844501278772","-0.4775","18.6303","5.3023","0.0736"
"Scott Caldwell","NER","2019","1299","36.3602771362587","0.8089","0.814","-0.182666050808314","-0.5024","19.4523","6.4477","0.0754"
"Fatai Alashe","CIN","2019","498","22.3614457831325","0.819","0.8275","-0.190824096385542","-0.8533","15.7573","3.2041","0.0413"
"Jordan Morris","SEA","2019","2551","27.1328890631125","0.7559","0.7641","-0.22386703253626","-0.8251","15.9163","-0.2123","0.07"
"James Sands","NYC","2019","1634","26.5556915544676","0.8562","0.8647","-0.224965483476132","-0.8471","19.7366","4.4817","0.0659"
"Alexandru Mitrita","NYC","2019","2423","31.9735864630623","0.7224","0.7296","-0.22833578208832","-0.7141","17.2421","4.6396","0.0911"
"Rodolfo Zelaya","LAFC","2019","136","18.3529411764706","0.6923","0.7048","-0.228564705882353","-1.2453","17.9584","1.0306","0.0247"
"Tate Schmitt","RSL","2019","117","22.974358974359","0.7857","0.7962","-0.240246153846154","-1.0457","13.4312","-1.8687","0.0251"
"Ryan Meara","NYRB","2019","101","0.95049504950495","0","0.2638","-0.250740594059406","-26.3778","59.7063","58.765","0.0052"
"Emanuel Cecchini","SEA","2019","180","38.4","0.875","0.8816","-0.251733333333333","-0.6556","17.6501","0.9871","0.0482"
"Zdenek Ondrasek","FCD","2019","951","18.5741324921136","0.7826","0.7963","-0.254717981072555","-1.3714","14.7452","-2.0744","0.0341"
"Caleb Stanko","CIN","2019","1581","32.4250474383302","0.8315","0.8396","-0.262709677419355","-0.8102","20.3187","4.4122","0.0703"
"Diego Valeri","POR","2019","2889","52.8016614745587","0.7155","0.7205","-0.26361287642783","-0.4993","20.8399","2.7768","0.1299"
"Nicolás Mezquida","COL","2019","1604","34.2942643391521","0.7469","0.7548","-0.268381047381546","-0.7826","18.9492","2.3201","0.0748"
"Dom Dwyer","ORL","2019","1779","12.0337268128162","0.722","0.7444","-0.270111298482293","-2.2446","15.8964","0.1552","0.0408"
"Maximiliano Moralez","NYC","2019","2797","54.5384340364676","0.7583","0.7634","-0.274583339292099","-0.5035","20.6519","4.0199","0.1421"
"Kellyn Acosta","COL","2019","2865","29.3528795811518","0.8025","0.812","-0.278101780104712","-0.9474","18.4075","3.9657","0.1004"
"Youness Mokhtar","CLB","2019","482","33.0622406639004","0.7048","0.7134","-0.284634024896266","-0.8609","22.7455","5.6849","0.0779"
"Henry Wingo","SEA","2019","233","27.6051502145923","0.791","0.8017","-0.293644635193133","-1.0637","16.2748","-1.7319","0.0375"
"Artur","CLB","2019","2697","44.0667408231368","0.8489","0.8558","-0.300355061179088","-0.6816","20.6052","2.8575","0.1118"
"David Guzmán","CLB, POR","2019","1625","42.1218461538462","0.8121","0.8193","-0.305534030769231","-0.7254","21.7403","4.6087","0.0997"
"Grant Lillard","CHI","2019","229","16.7685589519651","0.75","0.7685","-0.309757205240175","-1.8473","24.1489","7.82","0.0479"
"Jacob Shaffelburg","TOR","2019","710","23.6619718309859","0.5943","0.6074","-0.310850704225352","-1.3137","17.6635","-1.7151","0.0563"
"Miguel Ibarra","MIN","2019","1655","30.8012084592145","0.7834","0.794","-0.327043867069486","-1.0618","16.3497","0.1834","0.0694"
"Alberth Elis","HOU","2019","2138","24.4714686623012","0.7009","0.7145","-0.331882507015903","-1.3562","14.8576","0.7326","0.0934"
"Adrien Pérez","LAFC","2019","295","31.2406779661017","0.7396","0.7503","-0.333461694915254","-1.0674","15.1225","-1.6807","0.0182"
"Pablo Aránguiz","FCD","2019","627","43.9425837320574","0.7805","0.7881","-0.333488995215311","-0.7589","18.9615","3.5534","0.0723"
"Zoltán Stieber","DCU","2019","357","34.6890756302521","0.7829","0.7928","-0.341270588235294","-0.9838","16.9027","0.7266","0.0368"
"Modou Jadama","POR","2019","101","38.019801980198","0.75","0.7592","-0.35130297029703","-0.9239","20.3065","0.3335","0.0989"
"Doneil Henry","VAN","2019","2323","14.5053809728799","0.7977","0.8224","-0.358010159276797","-2.4681","23.347","10.8352","0.048"
"Dominique Badji","FCD","2019","2190","20.2958904109589","0.7646","0.7827","-0.367294246575342","-1.8097","16.254","-1.7697","0.0566"
"Bojan Krkić","MTL","2019","650","32.4923076923077","0.8045","0.8159","-0.368728615384615","-1.1348","16.7905","2.5467","0.0879"
"Gerso","SKC","2019","1895","21.6823218997361","0.6939","0.7119","-0.389071029023747","-1.7944","15.2724","-0.4664","0.0692"
"Dániel Sallói","SKC","2019","1704","23.4366197183099","0.7764","0.7931","-0.390687323943662","-1.667","15.5561","-0.3268","0.0522"
"Wilfried Zahibo","NER","2019","1741","40.4732912119472","0.7711","0.7809","-0.395485812751292","-0.9772","20.2318","8.5153","0.0809"
"Chris Mueller","ORL","2019","1530","39.278431372549","0.7348","0.7449","-0.39729568627451","-1.0115","16.7452","0.8818","0.0725"
"Harry Novillo","MTL","2019","497","30.5191146881288","0.7278","0.741","-0.401113883299799","-1.3143","20.5412","0.5473","0.0479"
"Tosaint Ricketts","VAN","2019","518","16.3088803088803","0.7841","0.8093","-0.410816988416988","-2.519","15.463","-3.3128","0.0442"
"Abu Danladi","MIN","2019","862","21.6055684454756","0.7113","0.7308","-0.420116937354988","-1.9445","16.1469","0.4179","0.0354"
"Thomas Roberts","FCD","2019","264","29.0909090909091","0.8","0.8148","-0.431636363636364","-1.4838","18.8977","2.5516","0.0465"
"Mauro Manotas","HOU","2019","2754","22.2047930283224","0.7818","0.8014","-0.434628322440087","-1.9574","14.5804","-0.2141","0.0735"
"Warren Creavalle","PHI","2019","451","26.6075388026608","0.816","0.8324","-0.436044345898004","-1.6388","17.8395","2.7701","0.0293"
"José Bizama","HOU","2019","388","34.1443298969072","0.7391","0.7519","-0.436453608247423","-1.2783","17.5247","0.965","0.1013"
"Nick Besler","RSL","2019","834","32.3453237410072","0.8078","0.8218","-0.450509352517986","-1.3928","20.7528","5.3109","0.0579"
"Brett Levis","VAN","2019","382","27.3926701570681","0.7706","0.7871","-0.4512","-1.6472","17.7351","1.2513","0.0546"
"Damir Kreilach","RSL","2019","3028","46.4782034346103","0.7954","0.8053","-0.462286922060766","-0.9946","18.2284","1.9034","0.1213"
"Ema Twumasi","FCD","2019","42","25.1428571428571","0.8182","0.8368","-0.467885714285714","-1.8606","15.7957","-4.5791","0.0203"
"Ismael Tajouri-Shradi","NYC","2019","1130","36.7008849557522","0.7986","0.812","-0.491689911504425","-1.3397","16.5351","0.7933","0.0643"
"Raúl Ruidíaz","SEA","2019","2380","20.0873949579832","0.8434","0.868","-0.494254789915966","-2.4605","15.9756","-1.7707","0.0678"
"Ethan Finlay","MIN","2019","2169","18.0138312586445","0.6609","0.6889","-0.503041770401107","-2.7925","16.3175","1.3167","0.0484"
"Alvas Powell","CIN","2019","1070","32.1196261682243","0.7291","0.7448","-0.506790280373832","-1.5778","23.3717","4.8737","0.0956"
"Hassani Dotson","MIN","2019","1580","32.020253164557","0.7704","0.7863","-0.51034329113924","-1.5938","18.7473","3.0456","0.0721"
"Memo Rodríguez","HOU","2019","1526","31.3289646133683","0.6847","0.7013","-0.517299082568807","-1.6512","20.2406","1.6467","0.0674"
"Santiago Mosquera","FCD","2019","1356","37.0265486725664","0.7247","0.7386","-0.517550442477876","-1.3978","20.5416","2.9926","0.0678"
"Romell Quioto","HOU","2019","889","37.5793025871766","0.6379","0.6518","-0.519620247469066","-1.3827","22.2834","1.3889","0.0653"
"João Moutinho","ORL","2019","1347","46.1113585746102","0.7249","0.7363","-0.526816926503341","-1.1425","18.5939","4.0424","0.0996"
"Shane O'Neill","ORL","2019","937","27.8676627534685","0.7096","0.7286","-0.5305613660619","-1.9038","22.1307","9.3848","0.069"
"Josef Martínez","ATL","2019","3105","19.5710144927536","0.8057","0.8329","-0.53279845410628","-2.7224","14.5069","-0.1795","0.0609"
"Zlatan Ibrahimovic","LAG","2019","3057","32.6280667320903","0.7074","0.724","-0.542875760549558","-1.6638","16.1298","2.8747","0.1043"
"Jefferson Savarino","RSL","2019","2690","32.4044609665428","0.761","0.7779","-0.546835985130112","-1.6875","18.5984","1.8367","0.1045"
"Cristian Espinoza","SJE","2019","2736","46.4210526315789","0.7098","0.7216","-0.5498","-1.1844","19.0933","-0.8157","0.1245"
"Forrest Lasso","CIN","2019","430","20.5395348837209","0.7065","0.7333","-0.549834418604651","-2.677","25.0852","11.8137","0.0552"
"Julian Gressel","ATL","2019","3195","43.7483568075117","0.7033","0.716","-0.554435305164319","-1.2673","20.553","1.6476","0.0992"
"Amro Tarek","NYRB","2019","1608","20.1791044776119","0.6036","0.6311","-0.555110447761194","-2.7509","24.6012","16.3899","0.0536"
"Chris Durkin","DCU","2019","727","39.878954607978","0.8311","0.8451","-0.556205777166437","-1.3947","18.6394","5.0463","0.0696"
"Michael Murillo","NYRB","2019","1883","40.1741901221455","0.6726","0.6866","-0.562550823154541","-1.4003","16.6785","7.5156","0.1014"
"Sacha Kljestan","ORL","2019","1530","52.078431372549","0.7904","0.8013","-0.567290980392157","-1.0893","17.1013","3.3975","0.0964"
"Federico Higuaín","CLB","2019","1222","60.4909983633388","0.7675","0.777","-0.571891325695581","-0.9454","20.7484","5.2825","0.1332"
"Sebastián Blanco","POR","2019","2863","56.6342996856444","0.6856","0.6958","-0.579607963674467","-1.0234","22.6297","7.0384","0.1478"
"Kyle Duncan","NYRB","2019","1192","36.5637583892617","0.6872","0.7032","-0.585326174496644","-1.6008","17.3521","9.1035","0.1114"
"Mikey Ambrose","ATL","2019","375","45.824","0.7877","0.8005","-0.5867776","-1.2805","16.5899","1.3068","0.096"
"Carlos Ascues","ORL","2019","1227","25.5843520782396","0.7982","0.8216","-0.599628361858191","-2.3437","17.3233","3.5101","0.0641"
"Johnny Russell","SKC","2019","2315","33.9628509719222","0.6508","0.6688","-0.610377537796976","-1.7972","22.6598","1.1831","0.091"
"Ken Krolicki","MTL","2019","592","34.2162162162162","0.8673","0.8853","-0.614902702702703","-1.7971","17.1769","-0.7243","0.0583"
"Danilo Acosta","ORL","2019","729","33.4485596707819","0.748","0.7669","-0.629741563786008","-1.8827","18.2094","1.3968","0.0951"
"Juan Agudelo","NER","2019","2152","32.0743494423792","0.7803","0.7999","-0.631512267657993","-1.9689","15.2516","2.3779","0.0882"
"Brenden Aaronson","PHI","2019","1955","30.8378516624041","0.7675","0.7885","-0.646092276214834","-2.0951","15.8855","0.6092","0.06"
"Diego Campos","CHI","2019","485","39.3896907216495","0.6734","0.6911","-0.697514226804124","-1.7708","21.1491","4.4445","0.0568"
"Roger Espinoza","SKC","2019","1223","36.3434178250204","0.743","0.7622","-0.697715126737531","-1.9198","19.3405","5.0041","0.0815"
"Josué Colmán","ORL","2019","204","44.2352941176471","0.7553","0.7712","-0.703388235294118","-1.5901","21.945","4.3113","0.0328"
"Santiago Patiño","ORL","2019","398","9.4070351758794","0.7436","0.819","-0.709676381909548","-7.5441","15.8713","-2.7217","0.0241"
"Erik Hurtado","SKC","2019","899","17.5127919911012","0.7988","0.8394","-0.711030033370412","-4.0601","14.6435","-3.0216","0.0541"
"Brian Fernández","POR","2019","1570","19.0165605095541","0.7621","0.7994","-0.711054267515924","-3.7391","17.1983","-0.967","0.055"
"Diego Rubio","COL","2019","2202","28.1634877384196","0.7229","0.7484","-0.717009264305177","-2.5459","18.7915","3.9157","0.1053"
"Ulises Segura","DCU","2019","2066","33.0842207163601","0.7683","0.79","-0.718554888673766","-2.1719","14.4729","0.7249","0.0662"
"Carlos Vela","LAFC","2019","3185","37.1642072213501","0.6634","0.6828","-0.719032464678179","-1.9347","20.3923","2.7662","0.1064"
"Brendan McDonough","VAN","2019","69","16.695652173913","0.9167","0.96","-0.724313043478261","-4.3382","22.3092","-0.6325","0.0383"
"Juninho Pereira","LAG","2019","20","72","0.9333","0.9435","-0.7344","-1.0202","13.4887","-5.1903","0.0139"
"Wilfried Moimbé","MIN","2019","354","21.6949152542373","0.675","0.7092","-0.742806779661017","-3.4238","19.2447","7.0438","0.0793"
"Dion Pereira","ATL","2019","768","28.625","0.7511","0.7774","-0.7533875","-2.6319","17.0328","-2.1915","0.0384"
"Ballou Tabla","MTL","2019","151","34.9668874172185","0.7818","0.8035","-0.757509933774834","-2.1664","16.0987","0.1924","0.0377"
"Kenny Saief","CIN","2019","619","35.9806138933764","0.7414","0.7624","-0.757872697899838","-2.1063","19.4176","1.663","0.1007"
"Robinho","ORL, CLB","2019","1444","29.0526315789474","0.7689","0.7951","-0.760913019390582","-2.6191","15.0037","-1.6492","0.0681"
"Omir Fernandez","NYRB","2019","680","19.9058823529412","0.7447","0.7832","-0.766475294117647","-3.8505","12.1944","0.398","0.0332"
"Kemar Lawrence","NYRB","2019","2049","33.7803806734993","0.6907","0.7134","-0.767864128843338","-2.2731","17.7894","5.9896","0.0856"
"Jonathan Lewis","COL, NYC","2019","1228","22.0456026058632","0.6986","0.7338","-0.775958306188925","-3.5198","16.4694","-0.7809","0.0523"
"Dairon Asprilla","POR","2019","719","23.6328233657858","0.7401","0.7738","-0.796653129346314","-3.371","17.9517","-1.9394","0.0521"
"Angelo Rodríguez","MIN","2019","1969","16.2844083291011","0.6766","0.7259","-0.80163656678517","-4.9227","14.3096","1.2151","0.0524"
"Orji Okwonkwo","MTL","2019","1875","25.2416","0.7748","0.8073","-0.81937408","-3.2461","15.3318","-3.001","0.0608"
"Leonardo Bertone","CIN","2019","2261","39.7417072091995","0.7639","0.7845","-0.819545333923043","-2.0622","22.0412","6.1797","0.1136"
"Cole Bassett","COL","2019","1146","38.3664921465969","0.7817","0.8032","-0.824795811518325","-2.1498","17.864","2.1471","0.0813"
"Wayne Rooney","DCU","2019","2650","43.3992452830189","0.7337","0.7528","-0.826744754716981","-1.905","22.7924","2.8376","0.112"
"Tesho Akindele","ORL","2019","2066","24.8596321393998","0.7439","0.7774","-0.832602516940949","-3.3492","15.2763","-0.7803","0.0643"
"Maximiliano Urruti","MTL","2019","2649","21.4178935447339","0.7834","0.8227","-0.84159637599094","-3.9294","17.6351","-0.0689","0.0698"
"Will Bruin","SEA","2019","470","18.9957446808511","0.6989","0.7435","-0.846107234042553","-4.4542","12.277","-1.3083","0.0353"
"Marco Farfan","POR","2019","211","26.8436018957346","0.7797","0.8112","-0.847256872037915","-3.1563","16.1398","1.7484","0.0695"
"Darren Mattocks","CIN","2019","1385","19.2693140794224","0.7302","0.7742","-0.847634945848376","-4.3989","15.529","-0.1932","0.0579"
"Daniel Lovitz","MTL","2019","2764","41.0535455861071","0.7428","0.7636","-0.853476121562952","-2.0789","20.0746","3.1207","0.1069"
"Efrain Álvarez","LAG","2019","597","38.9145728643216","0.719","0.7416","-0.877700502512563","-2.2555","20.826","4.7982","0.0494"
"Marc Rzatkowski","NYRB","2019","2682","42.4161073825503","0.6996","0.7204","-0.884828635346756","-2.0861","18.0372","6.2439","0.125"
"Jesús Ferreira","FCD","2019","2732","30.0790629575403","0.8084","0.8379","-0.885796778916545","-2.9449","17.5821","1.7003","0.0748"
"Chris Wondolowski","SJE","2019","2247","15.7222963951936","0.7554","0.8118","-0.885981308411215","-5.6352","14.4337","0.0369","0.0369"
"Carlos Fierro","SJE","2019","264","27.6363636363636","0.6842","0.7163","-0.886981818181818","-3.2095","17.2397","2.7963","0.0308"
"Fafa Picault","PHI","2019","2191","26.7713372889092","0.725","0.7583","-0.889172067549064","-3.3214","16.1927","-2.3561","0.0558"
"Danny Hoesen","SJE","2019","1690","19.8248520710059","0.7192","0.7642","-0.893032899408284","-4.5046","15.5266","1.5504","0.0404"
"Roland Lamah","CIN","2019","1924","29.6881496881497","0.7244","0.7548","-0.904131392931393","-3.0454","18.5213","0.6767","0.075"
"Cristian Cásseres Jr","NYRB","2019","2122","36.9161168708765","0.7206","0.7452","-0.910176814326107","-2.4655","16.0158","7.7463","0.1077"
"Juan Fernando Caicedo","NER","2019","1222","19.4042553191489","0.749","0.7975","-0.941711292962357","-4.8531","14.259","-2.828","0.0331"
"Teal Bunbury","NER","2019","2472","23.0679611650485","0.7391","0.78","-0.943782524271845","-4.0913","14.8162","-1.0861","0.0702"
"Gary Mackay-Steven","NYC","2019","597","26.2110552763819","0.7239","0.7601","-0.949177889447236","-3.6213","16.8364","0.1637","0.0459"
"Jaylin Lindsey","SKC","2019","94","33.7021276595745","0.8182","0.8467","-0.960714893617021","-2.8507","22.0866","0.2683","0.1026"
"Gyasi Zardes","CLB","2019","2705","15.9704251386322","0.7178","0.7782","-0.964915341959335","-6.0419","12.7415","-0.8589","0.0623"
"Jeremy Ebobisse","POR","2019","2602","21.4358186010761","0.7263","0.7714","-0.964980784012298","-4.5017","16.8392","1.2923","0.0504"
"C.J. Sapong","CHI","2019","2777","20.4306805905654","0.6751","0.7229","-0.975746489016925","-4.7759","14.9575","0.7287","0.067"
"Andrew Wooten","PHI","2019","469","19.2409381663113","0.734","0.7855","-0.98988486140725","-5.1447","12.9445","-1.3555","0.0304"
"Lassi Lappalainen","MTL","2019","746","24.3217158176944","0.7672","0.8085","-1.00528471849866","-4.1333","14.392","-0.2793","0.063"
"Brian Rodríguez","LAFC","2019","528","42.3636363636364","0.7554","0.7792","-1.01143636363636","-2.3875","16.5663","-3.0714","0.0673"
"Daniel Royer","NYRB","2019","2628","28.0547945205479","0.6745","0.7118","-1.04568401826484","-3.7273","13.8638","2.7775","0.0817"
"Adama Diomande","LAFC","2019","1658","20.2653799758745","0.72","0.7736","-1.08660072376357","-5.3619","16.2836","1.3889","0.0459"
"Corey Baird","RSL","2019","2409","27.2179327521793","0.7804","0.8215","-1.11809115815691","-4.1079","14.7629","-1.6363","0.0655"
"Handwalla Bwana","SEA","2019","654","28.1834862385321","0.6719","0.7116","-1.12045504587156","-3.9756","16.2797","-0.9044","0.0463"
"Kekuta Manneh","CIN","2019","1651","26.5729860690491","0.7549","0.7979","-1.14141150817686","-4.2954","15.6496","-0.5876","0.0669"
"Quincy Amarikwa","DCU","2019","560","17.4857142857143","0.6275","0.6931","-1.14821142857143","-6.5666","13.6302","1.9291","0.023"
"Marlon Hairston","HOU","2019","472","24.2033898305085","0.7311","0.7787","-1.15313898305085","-4.7644","14.4615","-3.0847","0.034"
"Connor Lade","NYRB","2019","932","31.1072961373391","0.6722","0.7098","-1.16950042918455","-3.7596","17.915","7.9403","0.0811"
"Alex Muyl","NYRB","2019","1650","33.6872727272727","0.6667","0.7018","-1.18347054545455","-3.5131","16.0158","4.2508","0.0764"
"Darwin Quintero","MIN","2019","2395","35.874739039666","0.6793","0.7128","-1.20164743215031","-3.3496","20.467","7.7486","0.1098"
"Paul Arriola","DCU","2019","2777","34.2239827151602","0.7192","0.7543","-1.2018494778538","-3.5117","15.8621","1.7749","0.1016"
"Benji Michel","ORL","2019","1071","15.2380952380952","0.6647","0.7453","-1.22824425770308","-8.0604","15.7554","-0.0156","0.0447"
"Lass Bangoura","VAN","2019","697","29.4748923959828","0.757","0.7988","-1.23041147776184","-4.1744","16.6737","1.6009","0.0528"
"Jeremiah Gutjahr","CHI","2019","555","38.0540540540541","0.7318","0.7642","-1.23123891891892","-3.2355","18.1874","5.2142","0.0664"
"Justin Meram","CLB, ATL","2019","1849","41.6398053001623","0.7282","0.7579","-1.23904380746349","-2.9756","16.4132","1.0766","0.0776"
"Justin Dhillon","SEA","2019","286","14.4335664335664","0.6279","0.7139","-1.24185734265734","-8.604","15.5878","-0.4279","0.0319"
"Fanendo Adi","CIN","2019","780","19.4461538461538","0.7152","0.7796","-1.25254153846154","-6.4411","13.6876","-1.6609","0.0587"
"Mason Toye","MIN","2019","930","15.1741935483871","0.6803","0.7629","-1.25392516129032","-8.2635","16.3748","-2.7138","0.0357"
"Ignacio Piatti","MTL","2019","826","26.7312348668281","0.7609","0.8083","-1.26714188861985","-4.7403","18.7736","0.5375","0.0786"
"Lucas Venuto","VAN","2019","1266","26.2369668246446","0.7399","0.7885","-1.27477535545024","-4.8587","16.4406","-1.6439","0.0619"
"Andreas Ivan","NYRB","2019","558","24.7741935483871","0.5833","0.6364","-1.31502795698925","-5.3081","19.1384","3.5323","0.0467"
"Andrew Carleton","ATL","2019","77","39.8961038961039","0.625","0.658","-1.31507532467532","-3.2963","21.6268","5.3583","0.0259"
"Héctor Villalba","ATL","2019","1082","34.5138632162662","0.7224","0.7606","-1.31815452865065","-3.8192","17.1175","-0.8677","0.0545"
"Kei Kamara","COL","2019","2788","25.480631276901","0.6946","0.7468","-1.33052281205165","-5.2217","14.8943","0.4462","0.112"
"Nicolas Benezet","TOR","2019","751","45.2516644474035","0.7571","0.7868","-1.34635206391478","-2.9752","15.5159","2.0723","0.0811"
"Omar Browne","MTL","2019","622","36.2700964630225","0.6979","0.7351","-1.34940192926045","-3.7204","19.1372","3.1627","0.0754"
"Luis Silva","SEA","2019","237","20.253164556962","0.82","0.8877","-1.37028860759494","-6.7658","16.5355","0.0414","0.0267"
"Mathias Jørgensen","NYRB","2019","146","11.8356164383562","0.6667","0.783","-1.37740273972603","-11.6376","13.488","-2.5619","0.0157"
"Luciano Acosta","DCU","2019","2414","50.6246893123447","0.7439","0.7716","-1.4014289975145","-2.7683","18.0065","4.9569","0.1254"
"Eric Calvillo","SJE","2019","86","42.4186046511628","0.8158","0.849","-1.41041860465116","-3.3249","17.4811","-2.6117","0.0404"
"Anthony Jackson-Hamel","MTL","2019","702","19.4188034188034","0.6831","0.7565","-1.42484786324786","-7.3375","15.8672","-0.6738","0.0315"
"Andre Shinyashiki","COL","2019","1858","24.5941872981701","0.6702","0.7282","-1.42820409041981","-5.8071","16.6517","2.2563","0.0727"
"Sebastian Anderson","COL","2019","332","30.0722891566265","0.6154","0.6632","-1.43676144578313","-4.7777","18.8647","5.9203","0.0637"
"Allan Cruz","CIN","2019","1876","21.7995735607676","0.7066","0.7732","-1.45267547974414","-6.6638","16.1761","2.479","0.0747"
"Kelyn Rowe","RSL, SKC","2019","973","32.8550873586845","0.7207","0.7654","-1.46756670092497","-4.4668","18.7236","2.7275","0.0546"
"Valentín Castellanos","NYC","2019","2353","22.2354441138972","0.6624","0.7284","-1.4683144921377","-6.6035","14.6982","0.7898","0.065"
"Krisztián Németh","SKC","2019","1717","22.4205008736168","0.7456","0.812","-1.48897285963891","-6.6411","13.8403","-1.3668","0.0544"
"Abdul Rwatubyaye","SKC","2019","180","40.5333333333333","0.7895","0.8272","-1.52912","-3.7725","21.3752","9.6615","0.0811"
"Eryk Williamson","POR","2019","276","31.304347826087","0.8","0.8497","-1.55551304347826","-4.969","15.9385","2.0151","0.0553"
"Cory Burke","PHI","2019","546","14.7692307692308","0.5595","0.6677","-1.59755604395604","-10.8168","16.2484","1.3786","0.0513"
"Griffin Yow","DCU","2019","68","9.88235294117647","0.7143","0.8774","-1.61152941176471","-16.307","15.7349","-8.5593","0.0328"
"Tom Barlow","NYRB","2019","741","17.3603238866397","0.6045","0.6977","-1.61897975708502","-9.3258","11.9376","-0.0618","0.0403"
"Sam Johnson","RSL","2019","1447","18.9080856945404","0.6877","0.7749","-1.64917650310988","-8.7221","14.8762","-2.6055","0.0383"
"Brandon Vázquez","ATL","2019","703","22.2588904694168","0.7423","0.8164","-1.64946571834993","-7.4104","14.8316","-2.8729","0.0496"
"Johan Blomberg","COL","2019","99","25.2121212121212","0.6923","0.7577","-1.64955151515152","-6.5427","14.4193","0.5087","0.0456"
"Kevin Molino","MIN","2019","1075","39.5609302325581","0.7336","0.7771","-1.71806958139535","-4.3428","18.2276","3.5216","0.087"
"Brian White","NYRB","2019","1471","19.7743031951054","0.6337","0.7219","-1.74477226376615","-8.8234","12.2252","-0.8251","0.0581"
"Fredy Montero","VAN","2019","2283","27.4586070959264","0.6646","0.7283","-1.74921419185283","-6.3704","20.0609","3.9729","0.0817"
"Terrence Boyd","TOR","2019","406","20.5714285714286","0.6782","0.7632","-1.74939901477833","-8.504","13.7168","-2.337","0.0244"
"Brian Wright","NER","2019","25","11.52","0.3333","0.4867","-1.766784","-15.3357","12.2565","5.4817","0.0067"
"Pedro Santos","CLB","2019","3034","37.0204350692156","0.6316","0.6796","-1.77635438365194","-4.7983","21.6425","4.8286","0.1184"
"Theo Bair","VAN","2019","909","19.4323432343234","0.625","0.7175","-1.7982204620462","-9.2537","15.8179","0.24","0.0515"
"Emmanuel Ledesma","CIN","2019","1939","30.7457452294997","0.6167","0.6755","-1.80761712222795","-5.8792","21.8498","4.0798","0.0886"
"Kacper Przybylko","PHI","2019","2462","31.3111291632819","0.7335","0.7915","-1.81647441104793","-5.8014","14.5452","-1.8188","0.0844"
"Tomás Conechny","POR","2019","437","48.7688787185355","0.7658","0.8032","-1.82490068649886","-3.742","17.3762","2.2725","0.0366"
"Patrick Mullins","CLB, TOR","2019","708","19.3898305084746","0.6084","0.7026","-1.82696949152542","-9.4223","16.0966","2.7085","0.0239"
"Nicolás Lodeiro","SEA","2019","3176","68.3123425692695","0.7168","0.7445","-1.88876977329975","-2.7649","20.491","4.3292","0.1904"
"Alejandro Romero Gamarra","NYRB","2019","2177","54.3720716582453","0.6675","0.7028","-1.91802443729903","-3.5276","19.0791","6.2483","0.1247"
"Romario Ibarra","MIN","2019","416","18","0.6538","0.761","-1.92934615384615","-10.7186","14.4111","1.2915","0.039"
"Gustavo Bou","NER","2019","1367","32.0234089246525","0.682","0.743","-1.9544321872714","-6.1031","18.5293","4.2298","0.11"
"Erickson Gallardo","TOR","2019","255","28.6117647058824","0.6184","0.6881","-1.99258352941176","-6.9642","15.5598","0.867","0.0467"
"Nicolás Gaitán","CHI","2019","2160","43.5555555555556","0.6531","0.6993","-2.01454666666667","-4.6252","22.1717","5.6459","0.1062"
"Ronaldo Peña","HOU","2019","185","24.3891891891892","0.766","0.8504","-2.06062702702703","-8.449","13.6077","-1.9648","0.0398"
"Héber","NYC","2019","1762","26.3155505107832","0.7433","0.8232","-2.10249807037457","-7.9896","14.6709","-0.1248","0.0694"
"Joaquín Ardáiz","VAN","2019","502","14.3426294820717","0.6","0.7488","-2.13399203187251","-14.8787","13.9654","-2.0869","0.0222"
"Bradley Wright-Phillips","NYRB","2019","1321","22.5283875851628","0.6355","0.7334","-2.20635760787282","-9.7937","13.5926","1.8875","0.0457"
"Florian Valot","NYRB","2019","134","38.6865671641791","0.6852","0.7464","-2.3691223880597","-6.124","15.9795","5.8501","0.0852"
"Josh Sims","NYRB","2019","547","32.6435100548446","0.6505","0.7243","-2.4069323583181","-7.3734","15.127","-0.4625","0.0815"
"Sergio Santos","PHI","2019","890","22.8674157303371","0.6085","0.7148","-2.43135640449438","-10.6324","15.7429","0.8999","0.0391"
"Niki Jackson","COL","2019","63","16.7619047619048","0.6364","0.7817","-2.43535238095238","-14.5287","13.0987","-3.1991","0.0161"
"Ola Kamara","DCU","2019","372","26.8387096774194","0.6442","0.74","-2.57096774193548","-9.5794","15.254","0.4965","0.0479"
"Lucas Melano","POR","2019","169","23.2899408284024","0.6341","0.7456","-2.59523786982249","-11.1431","16.2014","-2.5244","0.0211"
"Vincent Bezecourt","NYRB","2019","488","27.5409836065574","0.5786","0.6735","-2.6155868852459","-9.4971","15.9375","5.5586","0.0652"
"Pity Martínez","ATL","2019","2481","49.8766626360339","0.6742","0.7286","-2.71695477629988","-5.4473","20.2957","4.5025","0.106"
"Romario Williams","ATL, CLB","2019","212","17.6603773584906","0.5641","0.7194","-2.74229433962264","-15.528","15.7804","1.0232","0.0282"
"Joao Plata","RSL","2019","448","47.5714285714286","0.7117","0.7779","-3.14710714285714","-6.6155","20.2479","2.5642","0.0323"
"Rashawn Dally","CIN","2019","597","21.5477386934673","0.709","0.859","-3.23388140703518","-15.0079","12.2326","-3.1196","0.0491"
"Edwin Gyasi","FCD","2019","105","22.8571428571429","0.6","0.7439","-3.28978285714286","-14.3928","18.3524","-2.392","0.0255"
"Marcus Epps","NYRB","2019","125","40.704","0.6226","0.7053","-3.3632256","-8.2626","12.3913","1.9507","0.0518"
"Niko Hämäläinen","LAFC","2019","113","44.1769911504425","0.7115","0.7915","-3.53313982300885","-7.9978","16.894","1.7361","0.038"
"Luke Mulholland","RSL","2019","25","42.24","0.6364","0.7242","-3.708288","-8.7795","23.5881","17.7518","0.0308"
"Carter Manley","MIN","2019","103","29.8252427184466","0.5938","0.7379","-4.29986796116505","-14.4169","19.7314","7.8775","0.1198"
"J.J. Williams","CLB","2019","366","16.2622950819672","0.4516","0.7319","-4.55737704918033","-28.0242","12.149","-1.009","0.0402"
"Georges Mukumbilwa","VAN","2019","13","22.1538461538462","0.3333","0.5391","-4.55852307692308","-20.5761","19.3122","0.9583","0.0093"
"Justin Rennicks","NER","2019","115","19.2","0.5652","0.8537","-5.53945043478261","-28.8514","11.2241","-0.7","0.0434"
"Douglas Martínez","RSL","2019","65","33.9692307692308","0.6522","0.8462","-6.59136","-19.4041","13.3747","-3.485","0.0938"
"Nazmi Albadawi","CIN","2019","15","38.4","0.6667","0.8389","-6.6144","-17.2254","13.7893","-4.3317","0.0267"
"Griffin Dorsey","TOR","2019","10","9.6","0","0.9445","-9.0672","-94.4452","26.6483","-2.99","0.0026"
"Kevin Partida","SJE","2019","5","57.6","0.6667","0.9178","-14.4672","-25.1182","23.1139","-22.4633","0.0115"
"Gilbert Fuentes","SJE","2019","7","41.1428571428571","0.3333","0.7591","-17.5172571428571","-42.5753","21.2808","11.385","0.0115"